epoch,train_loss,train_auc,val_loss,val_auc
1,0.6316539645195007,0.0,0.5586918592453003,0.7897107302384655
2,0.5409707427024841,0.7897107302384655,0.5338829755783081,0.8055884577512024
3,0.5292855501174927,0.8055884577512024,0.5291882753372192,0.8118426498080573
4,0.5084518194198608,0.8118426498080573,0.5239508748054504,0.815159191129251
5,0.4958748519420624,0.815159191129251,0.5246427655220032,0.815159191129251
