epoch,train_loss,train_auc,val_loss,val_auc
1,0.7158374786376953,0.0,0.6666532158851624,0.6126356432775761
2,0.6714211702346802,0.6126356432775761,0.6526393890380859,0.6376352553559053
3,0.6553509831428528,0.6376352553559053,0.6595642566680908,0.6376352553559053
4,0.6388220191001892,0.6376352553559053,0.6544158458709717,0.6376352553559053
5,0.624845027923584,0.6376352553559053,0.656806230545044,0.6376352553559053
