epoch,train_loss,train_auc,val_loss,val_auc
1,0.617393970489502,0.0,0.6086940765380859,0.7277089552238807
2,0.5989956855773926,0.7277089552238807,0.5960957407951355,0.7446932578486877
3,0.589480996131897,0.7446932578486877,0.5971430540084839,0.745984302624807
4,0.5842311978340149,0.745984302624807,0.5966975092887878,0.745984302624807
5,0.5770676732063293,0.745984302624807,0.5916107892990112,0.7480777148739063
