epoch,train_loss,train_auc,val_loss,val_auc
1,0.6385452747344971,0.0,0.6222995519638062,0.7247367472979929
2,0.614265501499176,0.7247367472979929,0.6082424521446228,0.734618630983016
3,0.6081418395042419,0.734618630983016,0.600756824016571,0.7396109109624291
4,0.6037213206291199,0.7396109109624291,0.6002777814865112,0.7409554812146165
5,0.6012218594551086,0.7409554812146165,0.6016520261764526,0.7457382913021101
