epoch,train_loss,train_auc,val_loss,val_auc
1,0.6185569763183594,0.0,0.5929402709007263,0.7604240864642305
2,0.5790084004402161,0.7604240864642305,0.5788601636886597,0.7695645908389089
3,0.5670297741889954,0.7695645908389089,0.5751712918281555,0.7726940298507463
4,0.5619785189628601,0.7726940298507463,0.5878920555114746,0.7727352032938755
5,0.5598084926605225,0.7727352032938755,0.574550449848175,0.7738111168296449
