epoch,train_loss,train_auc,val_loss,val_auc
1,0.5833945274353027,0.0,0.5474131107330322,0.7948903286572575
2,0.48778802156448364,0.7948903286572575,0.5204692482948303,0.8257089035719892
3,0.4711744487285614,0.8257089035719892,0.5081161260604858,0.829345111526551
4,0.4604454040527344,0.829345111526551,0.49563270807266235,0.8411742040443538
5,0.4473334550857544,0.8411742040443538,0.48320314288139343,0.8486164428524539
