epoch,train_loss,train_auc,val_loss,val_auc
1,0.6367595195770264,0.0,0.6140950918197632,0.7381423658185035
2,0.5923062562942505,0.7381423658185035,0.5893120169639587,0.764561956816463
3,0.5510119795799255,0.764561956816463,0.600091814994812,0.7780507470780471
4,0.5298530459403992,0.7780507470780471,0.5797125697135925,0.7961518701925135
5,0.5184321403503418,0.7961518701925135,0.5647042989730835,0.8024831247413411
